start_time,end_time,state
0.0,1.2420701168614356,S1
1.2621035058430718,5.328881469115192,systole
5.348914858096828,5.409015025041736,S2
5.429048414023372,12.0,diastole
