start_time,end_time,state
0.0,3.96661101836394,S1
3.986644407345576,4.006677796327212,systole
4.026711185308848,4.086811352253756,S2
4.106844741235392,4.166944908180301,diastole
4.186978297161937,4.287145242070117,S1
4.307178631051753,4.3472454090150245,systole
4.367278797996661,4.427378964941569,S2
4.447412353923205,4.72787979966611,diastole
4.747913188647746,4.848080133555927,S1
4.868113522537563,12.0,systole
