start_time,end_time,state
0.0,0.3806343906510851,S1
0.4006677796327212,0.5609348914858097,systole
0.5809682804674458,0.6410684474123539,S2
0.66110183639399,0.9015025041736227,diastole
0.9215358931552587,1.021702838063439,S1
1.0417362270450752,1.2020033388981637,systole
1.2220367278797997,1.2821368948247078,S2
1.3021702838063438,1.5425709515859767,diastole
1.5626043405676127,1.662771285475793,S1
1.682804674457429,12.0,systole
