start_time,end_time,state
0.0,0.2003338898163606,S1
0.22036727879799667,0.6410684474123539,systole
0.66110183639399,0.7212020033388982,S2
0.7412353923205343,1.1018363939899833,diastole
1.1218697829716193,1.2220367278797997,S1
1.2420701168614356,12.0,systole
