start_time,end_time,state
0.0,0.22036727879799667,S1
0.2404006677796327,0.9816360601001669,systole
1.001669449081803,1.0617696160267112,S2
1.0818030050083471,1.2621035058430718,diastole
1.2821368948247078,1.3823038397328882,S1
1.4023372287145242,12.0,systole
