start_time,end_time,state
0.0,0.340567612687813,S1
0.3606010016694491,0.5208681135225376,systole
0.5409015025041736,0.6010016694490818,S2
0.6210350584307178,0.8614357262103506,diastole
0.8814691151919867,0.9816360601001669,S1
1.001669449081803,1.2020033388981637,systole
1.2220367278797997,1.2821368948247078,S2
1.3021702838063438,12.0,diastole
