start_time,end_time,state
0.0,0.5208681135225376,S1
0.5409015025041736,0.8213689482470784,systole
0.8414023372287145,0.9015025041736227,S2
0.9215358931552587,1.1218697829716193,diastole
1.1419031719532553,1.2420701168614356,S1
1.2621035058430718,1.5425709515859767,systole
1.5626043405676127,1.6227045075125208,S2
1.6427378964941568,12.0,diastole
