start_time,end_time,state
0.0,0.2003338898163606,S1
0.22036727879799667,0.7011686143572621,systole
0.7212020033388982,0.7813021702838063,S2
0.8013355592654424,0.9415692821368948,diastole
0.9616026711185308,1.0617696160267112,S1
1.0818030050083471,1.2621035058430718,systole
1.2821368948247078,1.342237061769616,S2
1.362270450751252,12.0,diastole
