start_time,end_time,state
0.0,0.18030050083472454,S1
0.2003338898163606,0.340567612687813,systole
0.3606010016694491,0.42070116861435725,S2
0.44073455759599334,0.5809682804674458,diastole
0.6010016694490818,0.7011686143572621,S1
0.7212020033388982,0.8614357262103506,systole
0.8814691151919867,0.9415692821368948,S2
0.9616026711185308,1.1218697829716193,diastole
1.1419031719532553,1.2420701168614356,S1
1.2621035058430718,12.0,systole
