start_time,end_time,state
0.0,0.18030050083472454,S1
0.2003338898163606,0.28046744574290483,systole
0.3005008347245409,0.3606010016694491,S2
0.3806343906510851,0.5208681135225376,diastole
0.5409015025041736,0.6410684474123539,S1
0.66110183639399,0.7612687813021702,systole
0.7813021702838063,0.8414023372287145,S2
0.8614357262103506,1.2220367278797997,diastole
1.2420701168614356,1.342237061769616,S1
1.362270450751252,12.0,systole
