start_time,end_time,state
0.0,0.5208681135225376,S1
0.5409015025041736,0.9015025041736227,systole
0.9215358931552587,0.9816360601001669,S2
1.001669449081803,1.5225375626043405,diastole
1.5425709515859767,1.6427378964941568,S1
1.662771285475793,2.0834724540901504,systole
2.1035058430717863,2.1636060100166943,S2
2.1836393989983307,2.9048414023372287,diastole
2.9248747913188646,3.025041736227045,S1
3.045075125208681,12.0,systole
