start_time,end_time,state
0.0,0.2604340567612688,S1
0.28046744574290483,0.8213689482470784,systole
0.8414023372287145,0.9015025041736227,S2
0.9215358931552587,1.4824707846410685,diastole
1.5025041736227045,1.6026711185308848,S1
1.6227045075125208,12.0,systole
