start_time,end_time,state
0.0,0.18030050083472454,S1
0.2003338898163606,0.3005008347245409,systole
0.32053422370617696,0.3806343906510851,S2
0.4006677796327212,0.5208681135225376,diastole
0.5409015025041736,0.6410684474123539,S1
0.66110183639399,0.7612687813021702,systole
0.7813021702838063,0.8414023372287145,S2
0.8614357262103506,0.9816360601001669,diastole
1.001669449081803,1.1018363939899833,S1
1.1218697829716193,12.0,systole
