start_time,end_time,state
0.0,0.2003338898163606,S1
0.22036727879799667,0.66110183639399,systole
0.681135225375626,0.7412353923205343,S2
0.7612687813021702,0.9015025041736227,diastole
0.9215358931552587,1.021702838063439,S1
1.0417362270450752,1.2220367278797997,systole
1.2420701168614356,1.3021702838063438,S2
1.32220367278798,12.0,diastole
