start_time,end_time,state
0.0,0.14023372287145242,S1
0.16026711185308848,0.3606010016694491,systole
0.3806343906510851,0.44073455759599334,S2
0.4607679465776294,0.6210350584307178,diastole
0.6410684474123539,0.7412353923205343,S1
0.7612687813021702,0.8213689482470784,S2
0.8414023372287145,0.9015025041736227,diastole
0.9215358931552587,1.021702838063439,S1
1.0417362270450752,12.0,systole
