start_time,end_time,state
0.0,0.1001669449081803,S1
0.12020033388981635,0.28046744574290483,systole
0.3005008347245409,0.3606010016694491,S2
0.3806343906510851,0.6010016694490818,diastole
0.6210350584307178,0.7212020033388982,S1
0.7412353923205343,0.9015025041736227,systole
0.9215358931552587,0.9816360601001669,S2
1.001669449081803,12.0,diastole
