start_time,end_time,state
0.0,0.18030050083472454,S1
0.2003338898163606,0.4808013355592654,systole
0.5008347245409015,0.5609348914858097,S2
0.5809682804674458,0.9215358931552587,diastole
0.9415692821368948,1.0417362270450752,S1
1.0617696160267112,1.6227045075125208,systole
1.6427378964941568,1.7028380634390652,S2
1.7228714524207012,12.0,diastole
