start_time,end_time,state
0.0,0.2003338898163606,S1
0.22036727879799667,0.6010016694490818,systole
0.6210350584307178,0.681135225375626,S2
0.7011686143572621,0.7412353923205343,diastole
0.7612687813021702,0.8614357262103506,S1
0.8814691151919867,1.1218697829716193,systole
1.1419031719532553,1.2020033388981637,S2
1.2220367278797997,12.0,diastole
