start_time,end_time,state
0.0,0.12020033388981635,S1
0.14023372287145242,0.3005008347245409,systole
0.32053422370617696,0.3806343906510851,S2
0.4006677796327212,0.8013355592654424,diastole
0.8213689482470784,0.9215358931552587,S1
0.9415692821368948,1.0617696160267112,systole
1.0818030050083471,1.1419031719532553,S2
1.1619365609348915,12.0,diastole
