start_time,end_time,state
0.0,0.14023372287145242,S1
0.16026711185308848,0.28046744574290483,systole
0.3005008347245409,0.3606010016694491,S2
0.3806343906510851,0.5208681135225376,diastole
0.5409015025041736,0.6410684474123539,S1
0.66110183639399,12.0,systole
