start_time,end_time,state
0.0,0.16026711185308848,S1
0.18030050083472454,0.2404006677796327,S2
0.2604340567612688,0.42070116861435725,diastole
0.44073455759599334,0.5409015025041736,S1
0.5609348914858097,0.5809682804674458,systole
0.6010016694490818,0.66110183639399,S2
0.681135225375626,0.7412353923205343,diastole
0.7612687813021702,0.8614357262103506,S1
0.8814691151919867,12.0,systole
