{
  "scaler_type": "StandardScaler",
  "n_features_in_": 181,
  "mean_": [
    -2.5331510355727115e-17,
    -3.912799237867415e-18,
    6.567315234595497e-18,
    6.698006846888838e-19,
    1.2643000173399753e-17,
    -1.1304009800887163e-17,
    4.456203803375734e-18,
    -1.1423543005784097e-18,
    3.892605482888958e-19,
    -3.663315022937964e-18,
    4.071337495167726e-18,
    -2.862082123694915e-18,
    -4.201485999136463e-18,
    4.954135390069483e-19,
    -8.345106274960574e-19,
    -1.297535160962986e-19,
    3.819532726487694e-19,
    -5.526374070265868e-19,
    1.2095269256351122e-19,
    4.1741577757120715e-19,
    -6.244758263264781e-19,
    -7.340849609283743e-19,
    -5.529830214149711e-20,
    3.3455472795605755e-19,
    5.2138399161983e-19,
    -3.740535151999841e-19,
    4.371528278221567e-19,
    5.397509276882558e-19,
    9.908270780138966e-19,
    1.836693606842583e-20,
    5.03609537360063e-20,
    -5.707574756747382e-20,
    -3.4363944902216064e-20,
    2.264823430453705e-19,
    5.4439203518941715e-19,
    -7.959005629651192e-20,
    5.922843147226781e-19,
    2.8755117113578504e-19,
    -4.571984623484494e-20,
    -1.5596096143264384e-18,
    2.8640570630571114e-18,
    -1.2339421135002643e-18,
    1.1809742398061588e-17,
    -5.545432235111063e-18,
    -6.0666187327946735e-18,
    -4.845019990308136e-18,
    7.242102641173926e-18,
    6.026922451614527e-18,
    8.928700856489588e-19,
    -5.4138025266206774e-18,
    -6.60548093776994e-18,
    -3.381886163824988e-18,
    5.3043415124709466e-18,
    5.091788663614567e-18,
    -2.2271391187487964e-18,
    -3.443701765861733e-18,
    3.1113194712040912e-18,
    1.2625244234196506e-17,
    1.2630934528233835e-17,
    -1.6382862611679343e-17,
    1.3057484400355199e-17,
    -9.349560434573625e-18,
    -1.824913093547082e-17,
    3.1244281312206694e-18,
    -1.9567933724690454e-17,
    3.720469768079926e-17,
    2.2341254667425658e-17,
    -8.387369977311576e-18,
    -9.149992812023686e-18,
    3.541542730539142e-17,
    1.884457515317301e-17,
    -1.0094470531881037e-18,
    -2.1492573850005842e-17,
    1.3533074485514101e-17,
    4.1552724180610695e-18,
    -1.109915921554335e-17,
    1.9691922886523344e-17,
    -1.7840022246591848e-17,
    1.7377135958880274e-15,
    -1.4603546918126652e-15,
    3.0123118110984653e-16,
    -3.7778658508119484e-15,
    -6.455128804125934e-17,
    -2.78000759368076e-16,
    8.86670474499514e-15,
    8.30894612270844e-16,
    -4.541280611521558e-16,
    -3.217889951759941e-15,
    -4.979947045214273e-15,
    2.2811801016664305e-14,
    -1.266277178508954e-16,
    5.000616612458567e-15,
    -1.3730880338719251e-15,
    -6.2759279535859524e-15,
    5.157524026550431e-16,
    -2.1747330177906047e-14,
    -4.369145575597932e-15,
    -2.556262701741959e-15,
    1.4911097806448559e-15,
    3.978277969776533e-15,
    6.862857504125568e-16,
    -7.968708630171373e-16,
    8.804646891958878e-16,
    -2.2054565187020343e-15,
    1.2913402082017615e-15,
    -1.7039264814000249e-15,
    -7.304603423735643e-16,
    7.149217280747738e-15,
    1.9960121750282675e-15,
    3.6820115270124565e-17,
    -8.304823313356145e-16,
    2.2039480229870756e-16,
    -1.5567376204758194e-15,
    9.30665537066475e-16,
    -7.560369587505224e-15,
    5.7244218411995156e-15,
    3.008001765151263e-15,
    -2.4126283243384634e-15,
    1.948085914194606e-15,
    -2.0029572097592542e-16,
    -1.5935904938182772e-14,
    2.5059251263506527e-15,
    1.6308037960630103e-15,
    -5.49716319886435e-15,
    3.392118941829078e-16,
    -1.8214393727029147e-15,
    5.11226558786745e-15,
    9.034698629317143e-15,
    -7.877395036345622e-14,
    -2.385411759048262e-15,
    5.780826306877779e-15,
    5.144390321834066e-15,
    3.679856905198414e-15,
    -5.38133001817575e-15,
    -2.174874385184488e-15,
    1.525851593163915e-15,
    -3.2758372524113235e-15,
    -2.020376871099951e-14,
    2.2718222452521984e-16,
    -1.7707899173562046e-15,
    1.3099122417229515e-15,
    -5.812310358171927e-16,
    3.696215167471663e-16,
    -6.128632433592817e-15,
    -7.173216632786808e-16,
    -6.341723107811007e-15,
    5.4463777565991816e-15,
    4.3763819509149556e-15,
    9.27840239422738e-15,
    2.14889472441683e-15,
    1.333957375325112e-15,
    -2.1104954476326934e-15,
    3.6844847806058485e-15,
    -2.837945210957582e-14,
    -1.0531652749269579e-14,
    2.3759114243367556e-16,
    2.118470117000161e-15,
    -5.137210034794929e-15,
    -3.085986714167892e-15,
    1.4339516657626075e-15,
    1.5823840102261066e-15,
    1.6193896093324546e-15,
    2.1786480252575465e-15,
    -2.725379845169584e-15,
    -4.134343059887049e-15,
    7.978714832022798e-14,
    3.687945121235836e-15,
    -4.081714196877835e-16,
    -1.1438227630381594e-14,
    2.487574384784997e-15,
    3.401525602697961e-15,
    -1.5036753607265834e-14,
    -1.7958628402608795e-14,
    -4.0691427203677743e-16,
    1.5353247601158202e-15,
    1.8173567163365274e-15,
    8.092739623688626e-15,
    -8.850031257712941e-15,
    8.736744033073004e-16,
    1.3011736127336909e-14,
    3.789101428963935e-15
  ],